ID,P19
1,V_19-1
2,V_19-2
3,V_19-3
4,V_19-4
5,V_19-5
6,V_19-6
7,V_19-7
8,V_19-8
9,V_19-9
10,V_19-10
11,V_19-11
12,V_19-12
13,V_19-13
14,V_19-14
15,V_19-15
16,V_19-16
17,V_19-17
18,V_19-18
19,V_19-19
20,V_19-20
21,V_19-21
22,V_19-22
23,V_19-23
24,V_19-24
25,V_19-25
26,V_19-26
27,V_19-27
28,V_19-28
29,V_19-29
30,V_19-30
31,V_19-31
32,V_19-32
33,V_19-33
34,V_19-34
35,V_19-35
36,V_19-36
37,V_19-37
38,V_19-38
39,V_19-39
40,V_19-40
41,V_19-41
42,V_19-42
43,V_19-43
44,V_19-44
45,V_19-45
46,V_19-46
47,V_19-47
48,V_19-48
49,V_19-49
50,V_19-50
51,V_19-51
52,V_19-52
53,V_19-53
54,V_19-54
55,V_19-55
56,V_19-56
57,V_19-57
58,V_19-58
59,V_19-59
60,V_19-60
61,V_19-61
62,V_19-62
63,V_19-63
64,V_19-64
65,V_19-65
66,V_19-66
67,V_19-67
68,V_19-68
69,V_19-69
70,V_19-70
71,V_19-71
72,V_19-72
73,V_19-73
74,V_19-74
75,V_19-75
76,V_19-76
77,V_19-77
78,V_19-78
79,V_19-79
80,V_19-80
81,V_19-81
82,V_19-82
83,V_19-83
84,V_19-84
85,V_19-85
86,V_19-86
87,V_19-87
88,V_19-88
89,V_19-89
90,V_19-90
91,V_19-91
92,V_19-92
93,V_19-93
94,V_19-94
95,V_19-95
96,V_19-96
97,V_19-97
98,V_19-98
99,V_19-99
100,V_19-100
101,V_19-101
102,V_19-102
103,V_19-103
104,V_19-104
105,V_19-105
106,V_19-106
107,V_19-107
108,V_19-108
109,V_19-109
110,V_19-110
111,V_19-111
112,V_19-112
113,V_19-113
114,V_19-114
115,V_19-115
116,V_19-116
117,V_19-117
118,V_19-118
119,V_19-119
120,V_19-120
121,V_19-121
122,V_19-122
123,V_19-123
124,V_19-124
125,V_19-125
126,V_19-126
127,V_19-127
128,V_19-128
129,V_19-129
130,V_19-130
131,V_19-131
132,V_19-132
133,V_19-133
134,V_19-134
135,V_19-135
136,V_19-136
137,V_19-137
138,V_19-138
139,V_19-139
140,V_19-140
141,V_19-141
142,V_19-142
143,V_19-143
144,V_19-144
145,V_19-145
146,V_19-146
147,V_19-147
148,V_19-148
149,V_19-149
150,V_19-150
151,V_19-151
152,V_19-152
153,V_19-153
154,V_19-154
155,V_19-155
156,V_19-156
157,V_19-157
158,V_19-158
159,V_19-159
160,V_19-160
161,V_19-161
162,V_19-162
163,V_19-163
164,V_19-164
165,V_19-165
166,V_19-166
167,V_19-167
168,V_19-168
169,V_19-169
170,V_19-170
171,V_19-171
172,V_19-172
173,V_19-173
174,V_19-174
175,V_19-175
176,V_19-176
177,V_19-177
178,V_19-178
179,V_19-179
180,V_19-180
181,V_19-181
182,V_19-182
183,V_19-183
184,V_19-184
185,V_19-185
186,V_19-186
187,V_19-187
188,V_19-188
189,V_19-189
190,V_19-190
191,V_19-191
192,V_19-192
193,V_19-193
194,V_19-194
195,V_19-195
196,V_19-196
197,V_19-197
198,V_19-198
199,V_19-199
200,V_19-200
201,V_19-201
202,V_19-202
203,V_19-203
204,V_19-204
205,V_19-205
206,V_19-206
207,V_19-207
208,V_19-208
209,V_19-209
210,V_19-210
211,V_19-211
212,V_19-212
213,V_19-213
214,V_19-214
215,V_19-215
216,V_19-216
217,V_19-217
218,V_19-218
219,V_19-219
220,V_19-220
221,V_19-221
222,V_19-222
223,V_19-223
224,V_19-224
225,V_19-225
226,V_19-226
227,V_19-227
228,V_19-228
229,V_19-229
230,V_19-230
231,V_19-231
232,V_19-232
233,V_19-233
234,V_19-234
235,V_19-235
236,V_19-236
237,V_19-237
238,V_19-238
239,V_19-239
240,V_19-240
241,V_19-241
242,V_19-242
243,V_19-243
244,V_19-244
245,V_19-245
246,V_19-246
247,V_19-247
248,V_19-248
249,V_19-249
250,V_19-250
251,V_19-251
252,V_19-252
253,V_19-253
254,V_19-254
255,V_19-255
256,V_19-256
257,V_19-257
258,V_19-258
259,V_19-259
260,V_19-260
261,V_19-261
262,V_19-262
263,V_19-263
264,V_19-264
265,V_19-265
266,V_19-266
267,V_19-267
268,V_19-268
269,V_19-269
270,V_19-270
271,V_19-271
272,V_19-272
273,V_19-273
274,V_19-274
275,V_19-275
276,V_19-276
277,V_19-277
278,V_19-278
279,V_19-279
280,V_19-280
281,V_19-281
282,V_19-282
283,V_19-283
284,V_19-284
285,V_19-285
286,V_19-286
287,V_19-287
288,V_19-288
289,V_19-289
290,V_19-290
291,V_19-291
292,V_19-292
293,V_19-293
294,V_19-294
295,V_19-295
296,V_19-296
297,V_19-297
298,V_19-298
299,V_19-299
300,V_19-300
301,V_19-301
302,V_19-302
303,V_19-303
304,V_19-304
305,V_19-305
306,V_19-306
307,V_19-307
308,V_19-308
309,V_19-309
310,V_19-310
311,V_19-311
312,V_19-312
313,V_19-313
314,V_19-314
315,V_19-315
316,V_19-316
317,V_19-317
318,V_19-318
319,V_19-319
320,V_19-320
321,V_19-321
322,V_19-322
323,V_19-323
324,V_19-324
325,V_19-325
326,V_19-326
327,V_19-327
328,V_19-328
329,V_19-329
330,V_19-330
331,V_19-331
332,V_19-332
333,V_19-333
334,V_19-334
335,V_19-335
336,V_19-336
337,V_19-337
338,V_19-338
339,V_19-339
340,V_19-340
341,V_19-341
342,V_19-342
343,V_19-343
344,V_19-344
345,V_19-345
346,V_19-346
347,V_19-347
348,V_19-348
349,V_19-349
350,V_19-350
351,V_19-351
352,V_19-352
353,V_19-353
354,V_19-354
355,V_19-355
356,V_19-356
357,V_19-357
358,V_19-358
359,V_19-359
360,V_19-360
361,V_19-361
362,V_19-362
363,V_19-363
364,V_19-364
365,V_19-365
366,V_19-366
367,V_19-367
368,V_19-368
369,V_19-369
370,V_19-370
371,V_19-371
372,V_19-372
373,V_19-373
374,V_19-374
375,V_19-375
376,V_19-376
377,V_19-377
378,V_19-378
379,V_19-379
380,V_19-380
381,V_19-381
382,V_19-382
383,V_19-383
384,V_19-384
385,V_19-385
386,V_19-386
387,V_19-387
388,V_19-388
389,V_19-389
390,V_19-390
391,V_19-391
392,V_19-392
393,V_19-393
394,V_19-394
395,V_19-395
396,V_19-396
397,V_19-397
398,V_19-398
399,V_19-399
400,V_19-400
401,V_19-401
402,V_19-402
403,V_19-403
404,V_19-404
405,V_19-405
406,V_19-406
407,V_19-407
408,V_19-408
409,V_19-409
410,V_19-410
411,V_19-411
412,V_19-412
413,V_19-413
414,V_19-414
415,V_19-415
416,V_19-416
417,V_19-417
418,V_19-418
419,V_19-419
420,V_19-420
421,V_19-421
422,V_19-422
423,V_19-423
424,V_19-424
425,V_19-425
426,V_19-426
427,V_19-427
428,V_19-428
429,V_19-429
430,V_19-430
431,V_19-431
432,V_19-432
433,V_19-433
434,V_19-434
435,V_19-435
436,V_19-436
437,V_19-437
438,V_19-438
439,V_19-439
440,V_19-440
441,V_19-441
442,V_19-442
443,V_19-443
444,V_19-444
445,V_19-445
446,V_19-446
447,V_19-447
448,V_19-448
449,V_19-449
450,V_19-450
451,V_19-451
452,V_19-452
453,V_19-453
454,V_19-454
455,V_19-455
456,V_19-456
457,V_19-457
458,V_19-458
459,V_19-459
460,V_19-460
461,V_19-461
462,V_19-462
463,V_19-463
464,V_19-464
465,V_19-465
466,V_19-466
467,V_19-467
468,V_19-468
469,V_19-469
470,V_19-470
471,V_19-471
472,V_19-472
473,V_19-473
474,V_19-474
475,V_19-475
476,V_19-476
477,V_19-477
478,V_19-478
479,V_19-479
480,V_19-480
481,V_19-481
482,V_19-482
483,V_19-483
484,V_19-484
485,V_19-485
486,V_19-486
487,V_19-487
488,V_19-488
489,V_19-489
490,V_19-490
491,V_19-491
492,V_19-492
493,V_19-493
494,V_19-494
495,V_19-495
496,V_19-496
497,V_19-497
498,V_19-498
499,V_19-499
500,V_19-500
501,V_19-501
502,V_19-502
503,V_19-503
504,V_19-504
505,V_19-505
506,V_19-506
507,V_19-507
508,V_19-508
509,V_19-509
510,V_19-510
511,V_19-511
512,V_19-512
513,V_19-513
514,V_19-514
515,V_19-515
516,V_19-516
517,V_19-517
518,V_19-518
519,V_19-519
520,V_19-520
521,V_19-521
522,V_19-522
523,V_19-523
524,V_19-524
525,V_19-525
526,V_19-526
527,V_19-527
528,V_19-528
529,V_19-529
530,V_19-530
531,V_19-531
532,V_19-532
533,V_19-533
534,V_19-534
535,V_19-535
536,V_19-536
537,V_19-537
538,V_19-538
539,V_19-539
540,V_19-540
541,V_19-541
542,V_19-542
543,V_19-543
544,V_19-544
545,V_19-545
546,V_19-546
547,V_19-547
548,V_19-548
549,V_19-549
550,V_19-550
551,V_19-551
552,V_19-552
553,V_19-553
554,V_19-554
555,V_19-555
556,V_19-556
557,V_19-557
558,V_19-558
559,V_19-559
560,V_19-560
561,V_19-561
562,V_19-562
563,V_19-563
564,V_19-564
565,V_19-565
566,V_19-566
567,V_19-567
568,V_19-568
569,V_19-569
570,V_19-570
571,V_19-571
572,V_19-572
573,V_19-573
574,V_19-574
575,V_19-575
576,V_19-576
577,V_19-577
578,V_19-578
579,V_19-579
580,V_19-580
581,V_19-581
582,V_19-582
583,V_19-583
584,V_19-584
585,V_19-585
586,V_19-586
587,V_19-587
588,V_19-588
589,V_19-589
590,V_19-590
591,V_19-591
592,V_19-592
593,V_19-593
594,V_19-594
595,V_19-595
596,V_19-596
597,V_19-597
598,V_19-598
599,V_19-599
600,V_19-600
601,V_19-601
602,V_19-602
603,V_19-603
604,V_19-604
605,V_19-605
606,V_19-606
607,V_19-607
608,V_19-608
609,V_19-609
610,V_19-610
611,V_19-611
612,V_19-612
613,V_19-613
614,V_19-614
615,V_19-615
616,V_19-616
617,V_19-617
618,V_19-618
619,V_19-619
620,V_19-620
621,V_19-621
622,V_19-622
623,V_19-623
624,V_19-624
625,V_19-625
626,V_19-626
627,V_19-627
628,V_19-628
629,V_19-629
630,V_19-630
631,V_19-631
632,V_19-632
633,V_19-633
634,V_19-634
635,V_19-635
636,V_19-636
637,V_19-637
638,V_19-638
639,V_19-639
640,V_19-640
641,V_19-641
642,V_19-642
643,V_19-643
644,V_19-644
645,V_19-645
646,V_19-646
647,V_19-647
648,V_19-648
649,V_19-649
650,V_19-650
651,V_19-651
652,V_19-652
653,V_19-653
654,V_19-654
655,V_19-655
656,V_19-656
657,V_19-657
658,V_19-658
659,V_19-659
660,V_19-660
661,V_19-661
662,V_19-662
663,V_19-663
664,V_19-664
665,V_19-665
666,V_19-666
667,V_19-667
668,V_19-668
669,V_19-669
670,V_19-670
671,V_19-671
672,V_19-672
673,V_19-673
674,V_19-674
675,V_19-675
676,V_19-676
677,V_19-677
678,V_19-678
679,V_19-679
680,V_19-680
681,V_19-681
682,V_19-682
683,V_19-683
684,V_19-684
685,V_19-685
686,V_19-686
687,V_19-687
688,V_19-688
689,V_19-689
690,V_19-690
691,V_19-691
692,V_19-692
693,V_19-693
694,V_19-694
695,V_19-695
696,V_19-696
697,V_19-697
698,V_19-698
699,V_19-699
700,V_19-700
701,V_19-701
702,V_19-702
703,V_19-703
704,V_19-704
705,V_19-705
706,V_19-706
707,V_19-707
708,V_19-708
709,V_19-709
710,V_19-710
711,V_19-711
712,V_19-712
713,V_19-713
714,V_19-714
715,V_19-715
716,V_19-716
717,V_19-717
718,V_19-718
719,V_19-719
720,V_19-720
721,V_19-721
722,V_19-722
723,V_19-723
724,V_19-724
725,V_19-725
726,V_19-726
727,V_19-727
728,V_19-728
729,V_19-729
730,V_19-730
731,V_19-731
732,V_19-732
733,V_19-733
734,V_19-734
735,V_19-735
736,V_19-736
737,V_19-737
738,V_19-738
739,V_19-739
740,V_19-740
741,V_19-741
742,V_19-742
743,V_19-743
744,V_19-744
745,V_19-745
746,V_19-746
747,V_19-747
748,V_19-748
749,V_19-749
750,V_19-750
751,V_19-751
752,V_19-752
753,V_19-753
754,V_19-754
755,V_19-755
756,V_19-756
757,V_19-757
758,V_19-758
759,V_19-759
760,V_19-760
761,V_19-761
762,V_19-762
763,V_19-763
764,V_19-764
765,V_19-765
766,V_19-766
767,V_19-767
768,V_19-768
769,V_19-769
770,V_19-770
771,V_19-771
772,V_19-772
773,V_19-773
774,V_19-774
775,V_19-775
776,V_19-776
777,V_19-777
778,V_19-778
779,V_19-779
780,V_19-780
781,V_19-781
782,V_19-782
783,V_19-783
784,V_19-784
785,V_19-785
786,V_19-786
787,V_19-787
788,V_19-788
789,V_19-789
790,V_19-790
791,V_19-791
792,V_19-792
793,V_19-793
794,V_19-794
795,V_19-795
796,V_19-796
797,V_19-797
798,V_19-798
799,V_19-799
800,V_19-800
801,V_19-801
802,V_19-802
803,V_19-803
804,V_19-804
805,V_19-805
806,V_19-806
807,V_19-807
808,V_19-808
809,V_19-809
810,V_19-810
811,V_19-811
812,V_19-812
813,V_19-813
814,V_19-814
815,V_19-815
816,V_19-816
817,V_19-817
818,V_19-818
819,V_19-819
820,V_19-820
821,V_19-821
822,V_19-822
823,V_19-823
824,V_19-824
825,V_19-825
826,V_19-826
827,V_19-827
828,V_19-828
829,V_19-829
830,V_19-830
831,V_19-831
832,V_19-832
833,V_19-833
834,V_19-834
835,V_19-835
836,V_19-836
837,V_19-837
838,V_19-838
839,V_19-839
840,V_19-840
841,V_19-841
842,V_19-842
843,V_19-843
844,V_19-844
845,V_19-845
846,V_19-846
847,V_19-847
848,V_19-848
849,V_19-849
850,V_19-850
851,V_19-851
852,V_19-852
853,V_19-853
854,V_19-854
855,V_19-855
856,V_19-856
857,V_19-857
858,V_19-858
859,V_19-859
860,V_19-860
861,V_19-861
862,V_19-862
863,V_19-863
864,V_19-864
865,V_19-865
866,V_19-866
867,V_19-867
868,V_19-868
869,V_19-869
870,V_19-870
871,V_19-871
872,V_19-872
873,V_19-873
874,V_19-874
875,V_19-875
876,V_19-876
877,V_19-877
878,V_19-878
879,V_19-879
880,V_19-880
881,V_19-881
882,V_19-882
883,V_19-883
884,V_19-884
885,V_19-885
886,V_19-886
887,V_19-887
888,V_19-888
889,V_19-889
890,V_19-890
891,V_19-891
892,V_19-892
893,V_19-893
894,V_19-894
895,V_19-895
896,V_19-896
897,V_19-897
898,V_19-898
899,V_19-899
900,V_19-900
901,V_19-901
902,V_19-902
903,V_19-903
904,V_19-904
905,V_19-905
906,V_19-906
907,V_19-907
908,V_19-908
909,V_19-909
910,V_19-910
911,V_19-911
912,V_19-912
913,V_19-913
914,V_19-914
915,V_19-915
916,V_19-916
917,V_19-917
918,V_19-918
919,V_19-919
920,V_19-920
921,V_19-921
922,V_19-922
923,V_19-923
924,V_19-924
925,V_19-925
926,V_19-926
927,V_19-927
928,V_19-928
929,V_19-929
930,V_19-930
931,V_19-931
932,V_19-932
933,V_19-933
934,V_19-934
935,V_19-935
936,V_19-936
937,V_19-937
938,V_19-938
939,V_19-939
940,V_19-940
941,V_19-941
942,V_19-942
943,V_19-943
944,V_19-944
945,V_19-945
946,V_19-946
947,V_19-947
948,V_19-948
949,V_19-949
950,V_19-950
951,V_19-951
952,V_19-952
953,V_19-953
954,V_19-954
955,V_19-955
956,V_19-956
957,V_19-957
958,V_19-958
959,V_19-959
960,V_19-960
961,V_19-961
962,V_19-962
963,V_19-963
964,V_19-964
965,V_19-965
966,V_19-966
967,V_19-967
968,V_19-968
969,V_19-969
970,V_19-970
971,V_19-971
972,V_19-972
973,V_19-973
974,V_19-974
975,V_19-975
976,V_19-976
977,V_19-977
978,V_19-978
979,V_19-979
980,V_19-980
981,V_19-981
982,V_19-982
983,V_19-983
984,V_19-984
985,V_19-985
986,V_19-986
987,V_19-987
988,V_19-988
989,V_19-989
990,V_19-990
991,V_19-991
992,V_19-992
993,V_19-993
994,V_19-994
995,V_19-995
996,V_19-996
997,V_19-997
998,V_19-998
999,V_19-999
1000,V_19-1000
